T,N,p,k,Bin,Cost,SDratio,correl,cancor1,cancor2,fract1,fract2,skewness,kurtosis,Hc,Hx,MCx,EnAtr,NSRatio,class
20000,40000,16,24,0,0,1.3218,0.1885,0.9884,0.9191,0.1505,0.2807,0.42,4.4024,4.5603,5.6411,1.3149,3.46817,3.29014,76.475
20000,40000,16,24,0,0,1.3218,0.1885,0.9884,0.9191,0.1505,0.2807,0.42,4.4024,4.5603,5.6411,1.3149,3.46817,3.29014,86.162
20000,40000,16,24,0,0,1.3218,0.1885,0.9884,0.9191,0.1505,0.2807,0.42,4.4024,4.5603,5.6411,1.3149,3.46817,3.29014,467.007
20000,40000,16,24,0,0,1.3218,0.1885,0.9884,0.9191,0.1505,0.2807,0.42,4.4024,4.5603,5.6411,1.3149,3.46817,3.29014,122.36
20000,40000,16,24,0,0,1.3218,0.1885,0.9884,0.9191,0.1505,0.2807,0.42,4.4024,4.5603,5.6411,1.3149,3.46817,3.29014,40.787
20000,40000,16,24,0,0,1.3218,0.1885,0.9884,0.9191,0.1505,0.2807,0.42,4.4024,4.5603,5.6411,1.3149,3.46817,3.29014,46.395
20000,40000,16,24,0,0,1.3218,0.1885,0.9884,0.9191,0.1505,0.2807,0.42,4.4024,4.5603,5.6411,1.3149,3.46817,3.29014,467.007
20000,40000,16,24,0,0,1.3218,0.1885,0.9884,0.9191,0.1505,0.2807,0.42,4.4024,4.5603,5.6411,1.3149,3.46817,3.29014,81.573
20000,40000,16,24,0,0,1.3218,0.1885,0.9884,0.9191,0.1505,0.2807,0.42,4.4024,4.5603,5.6411,1.3149,3.46817,3.29014,467.007
20000,40000,16,24,0,0,1.3218,0.1885,0.9884,0.9191,0.1505,0.2807,0.42,4.4024,4.5603,5.6411,1.3149,3.46817,3.29014,47.924
20000,40000,16,24,0,0,1.3218,0.1885,0.9884,0.9191,0.1505,0.2807,0.42,4.4024,4.5603,5.6411,1.3149,3.46817,3.29014,33.649
20000,40000,16,24,0,0,1.3218,0.1885,0.9884,0.9191,0.1505,0.2807,0.42,4.4024,4.5603,5.6411,1.3149,3.46817,3.29014,446.613
20000,40000,16,24,0,0,1.3218,0.1885,0.9884,0.9191,0.1505,0.2807,0.42,4.4024,4.5603,5.6411,1.3149,3.46817,3.29014,3.569
20000,40000,16,24,0,0,1.3218,0.1885,0.9884,0.9191,0.1505,0.2807,0.42,4.4024,4.5603,5.6411,1.3149,3.46817,3.29014,11.726
20000,40000,16,24,0,0,1.3218,0.1885,0.9884,0.9191,0.1505,0.2807,0.42,4.4024,4.5603,5.6411,1.3149,3.46817,3.29014,312.527
20000,40000,16,24,0,0,1.3218,0.1885,0.9884,0.9191,0.1505,0.2807,0.42,4.4024,4.5603,5.6411,1.3149,3.46817,3.29014,45.375
20000,40000,16,24,0,0,1.3218,0.1885,0.9884,0.9191,0.1505,0.2807,0.42,4.4024,4.5603,5.6411,1.3149,3.46817,3.29014,19.883
20000,40000,16,24,0,0,1.3218,0.1885,0.9884,0.9191,0.1505,0.2807,0.42,4.4024,4.5603,5.6411,1.3149,3.46817,3.29014,45.885
20000,40000,16,24,0,0,1.3218,0.1885,0.9884,0.9191,0.1505,0.2807,0.42,4.4024,4.5603,5.6411,1.3149,3.46817,3.29014,18.864
20000,40000,16,24,0,0,1.3218,0.1885,0.9884,0.9191,0.1505,0.2807,0.42,4.4024,4.5603,5.6411,1.3149,3.46817,3.29014,23.962
20000,40000,16,24,0,0,1.3218,0.1885,0.9884,0.9191,0.1505,0.2807,0.42,4.4024,4.5603,5.6411,1.3149,3.46817,3.29014,46.905
20000,40000,16,24,0,0,1.3218,0.1885,0.9884,0.9191,0.1505,0.2807,0.42,4.4024,4.5603,5.6411,1.3149,3.46817,3.29014,0
20000,40000,16,24,0,0,1.3218,0.1885,0.9884,0.9191,0.1505,0.2807,0.42,4.4024,4.5603,5.6411,1.3149,3.46817,3.29014,22.942
20000,40000,16,24,0,0,1.3218,0.1885,0.9884,0.9191,0.1505,0.2807,0.42,4.4024,4.5603,5.6411,1.3149,3.46817,3.29014,22.433
1186,3186,180,3,0,0,1.5407,0.0456,0.8729,0.83,0.5252,1,2.5582,29.5674,1.4725,0.8072,0.0218,67.5459,36.0275,10.247
1186,3186,180,3,0,0,1.5407,0.0456,0.8729,0.83,0.5252,1,2.5582,29.5674,1.4725,0.8072,0.0218,67.5459,36.0275,2.779
1186,3186,180,3,0,0,1.5407,0.0456,0.8729,0.83,0.5252,1,2.5582,29.5674,1.4725,0.8072,0.0218,67.5459,36.0275,8.163
1186,3186,180,3,0,0,1.5407,0.0456,0.8729,0.83,0.5252,1,2.5582,29.5674,1.4725,0.8072,0.0218,67.5459,36.0275,4.689
1186,3186,180,3,0,0,1.5407,0.0456,0.8729,0.83,0.5252,1,2.5582,29.5674,1.4725,0.8072,0.0218,67.5459,36.0275,9.379
1186,3186,180,3,0,0,1.5407,0.0456,0.8729,0.83,0.5252,1,2.5582,29.5674,1.4725,0.8072,0.0218,67.5459,36.0275,6.079
1186,3186,180,3,0,0,1.5407,0.0456,0.8729,0.83,0.5252,1,2.5582,29.5674,1.4725,0.8072,0.0218,67.5459,36.0275,7.642
1186,3186,180,3,0,0,1.5407,0.0456,0.8729,0.83,0.5252,1,2.5582,29.5674,1.4725,0.8072,0.0218,67.5459,36.0275,15.631
1186,3186,180,3,0,0,1.5407,0.0456,0.8729,0.83,0.5252,1,2.5582,29.5674,1.4725,0.8072,0.0218,67.5459,36.0275,166.556
1186,3186,180,3,0,0,1.5407,0.0456,0.8729,0.83,0.5252,1,2.5582,29.5674,1.4725,0.8072,0.0218,67.5459,36.0275,5.384
1186,3186,180,3,0,0,1.5407,0.0456,0.8729,0.83,0.5252,1,2.5582,29.5674,1.4725,0.8072,0.0218,67.5459,36.0275,9.379
1186,3186,180,3,0,0,1.5407,0.0456,0.8729,0.83,0.5252,1,2.5582,29.5674,1.4725,0.8072,0.0218,67.5459,36.0275,76.244
1186,3186,180,3,0,0,1.5407,0.0456,0.8729,0.83,0.5252,1,2.5582,29.5674,1.4725,0.8072,0.0218,67.5459,36.0275,1.216
1186,3186,180,3,0,0,1.5407,0.0456,0.8729,0.83,0.5252,1,2.5582,29.5674,1.4725,0.8072,0.0218,67.5459,36.0275,3.126
1186,3186,180,3,0,0,1.5407,0.0456,0.8729,0.83,0.5252,1,2.5582,29.5674,1.4725,0.8072,0.0218,67.5459,36.0275,16.326
1186,3186,180,3,0,0,1.5407,0.0456,0.8729,0.83,0.5252,1,2.5582,29.5674,1.4725,0.8072,0.0218,67.5459,36.0275,5.558
1186,3186,180,3,0,0,1.5407,0.0456,0.8729,0.83,0.5252,1,2.5582,29.5674,1.4725,0.8072,0.0218,67.5459,36.0275,19.799
1186,3186,180,3,0,0,1.5407,0.0456,0.8729,0.83,0.5252,1,2.5582,29.5674,1.4725,0.8072,0.0218,67.5459,36.0275,51.756
1186,3186,180,3,0,0,1.5407,0.0456,0.8729,0.83,0.5252,1,2.5582,29.5674,1.4725,0.8072,0.0218,67.5459,36.0275,166.556
1186,3186,180,3,0,0,1.5407,0.0456,0.8729,0.83,0.5252,1,2.5582,29.5674,1.4725,0.8072,0.0218,67.5459,36.0275,3.474
1186,3186,180,3,0,0,1.5407,0.0456,0.8729,0.83,0.5252,1,2.5582,29.5674,1.4725,0.8072,0.0218,67.5459,36.0275,10.247
1186,3186,180,3,0,0,1.5407,0.0456,0.8729,0.83,0.5252,1,2.5582,29.5674,1.4725,0.8072,0.0218,67.5459,36.0275,3.126
1186,3186,180,3,0,0,1.5407,0.0456,0.8729,0.83,0.5252,1,2.5582,29.5674,1.4725,0.8072,0.0218,67.5459,36.0275,0
1186,3186,180,3,0,0,1.5407,0.0456,0.8729,0.83,0.5252,1,2.5582,29.5674,1.4725,0.8072,0.0218,67.5459,36.0275,17.368
9000,18000,16,10,0,0,1.5673,0.2119,0.8929,0.8902,0.2031,0.4049,0.8562,5.1256,3.3219,6.5452,0.5049,6.57932,11.9634,48.412
9000,18000,16,10,0,0,1.5673,0.2119,0.8929,0.8902,0.2031,0.4049,0.8562,5.1256,3.3219,6.5452,0.5049,6.57932,11.9634,9.413
9000,18000,16,10,0,0,1.5673,0.2119,0.8929,0.8902,0.2031,0.4049,0.8562,5.1256,3.3219,6.5452,0.5049,6.57932,11.9634,14.792
9000,18000,16,10,0,0,1.5673,0.2119,0.8929,0.8902,0.2031,0.4049,0.8562,5.1256,3.3219,6.5452,0.5049,6.57932,11.9634,83.376
9000,18000,16,10,0,0,1.5673,0.2119,0.8929,0.8902,0.2031,0.4049,0.8562,5.1256,3.3219,6.5452,0.5049,6.57932,11.9634,41.688
9000,18000,16,10,0,0,1.5673,0.2119,0.8929,0.8902,0.2031,0.4049,0.8562,5.1256,3.3219,6.5452,0.5049,6.57932,11.9634,45.722
9000,18000,16,10,0,0,1.5673,0.2119,0.8929,0.8902,0.2031,0.4049,0.8562,5.1256,3.3219,6.5452,0.5049,6.57932,11.9634,50.653
9000,18000,16,10,0,0,1.5673,0.2119,0.8929,0.8902,0.2031,0.4049,0.8562,5.1256,3.3219,6.5452,0.5049,6.57932,11.9634,77.548
9000,18000,16,10,0,0,1.5673,0.2119,0.8929,0.8902,0.2031,0.4049,0.8562,5.1256,3.3219,6.5452,0.5049,6.57932,11.9634,8.069
9000,18000,16,10,0,0,1.5673,0.2119,0.8929,0.8902,0.2031,0.4049,0.8562,5.1256,3.3219,6.5452,0.5049,6.57932,11.9634,55.135
9000,18000,16,10,0,0,1.5673,0.2119,0.8929,0.8902,0.2031,0.4049,0.8562,5.1256,3.3219,6.5452,0.5049,6.57932,11.9634,38.998
9000,18000,16,10,0,0,1.5673,0.2119,0.8929,0.8902,0.2031,0.4049,0.8562,5.1256,3.3219,6.5452,0.5049,6.57932,11.9634,382.362
9000,18000,16,10,0,0,1.5673,0.2119,0.8929,0.8902,0.2031,0.4049,0.8562,5.1256,3.3219,6.5452,0.5049,6.57932,11.9634,11.206
9000,18000,16,10,0,0,1.5673,0.2119,0.8929,0.8902,0.2031,0.4049,0.8562,5.1256,3.3219,6.5452,0.5049,6.57932,11.9634,30.033
9000,18000,16,10,0,0,1.5673,0.2119,0.8929,0.8902,0.2031,0.4049,0.8562,5.1256,3.3219,6.5452,0.5049,6.57932,11.9634,78.445
9000,18000,16,10,0,0,1.5673,0.2119,0.8929,0.8902,0.2031,0.4049,0.8562,5.1256,3.3219,6.5452,0.5049,6.57932,11.9634,47.963
9000,18000,16,10,0,0,1.5673,0.2119,0.8929,0.8902,0.2031,0.4049,0.8562,5.1256,3.3219,6.5452,0.5049,6.57932,11.9634,0
9000,18000,16,10,0,0,1.5673,0.2119,0.8929,0.8902,0.2031,0.4049,0.8562,5.1256,3.3219,6.5452,0.5049,6.57932,11.9634,12.551
9000,18000,16,10,0,0,1.5673,0.2119,0.8929,0.8902,0.2031,0.4049,0.8562,5.1256,3.3219,6.5452,0.5049,6.57932,11.9634,6.276
9000,18000,16,10,0,0,1.5673,0.2119,0.8929,0.8902,0.2031,0.4049,0.8562,5.1256,3.3219,6.5452,0.5049,6.57932,11.9634,17.482
9000,18000,16,10,0,0,1.5673,0.2119,0.8929,0.8902,0.2031,0.4049,0.8562,5.1256,3.3219,6.5452,0.5049,6.57932,11.9634,46.17
9000,18000,16,10,0,0,1.5673,0.2119,0.8929,0.8902,0.2031,0.4049,0.8562,5.1256,3.3219,6.5452,0.5049,6.57932,11.9634,3.138
9000,18000,16,10,0,0,1.5673,0.2119,0.8929,0.8902,0.2031,0.4049,0.8562,5.1256,3.3219,6.5452,0.5049,6.57932,11.9634,16.137
9000,18000,16,10,0,0,1.5673,0.2119,0.8929,0.8902,0.2031,0.4049,0.8562,5.1256,3.3219,6.5452,0.5049,6.57932,11.9634,25.551
570,570,45,3,43,0,1.191,0.751,0.8842,0.3002,0.8966,1,1.8972,0.9866,1.5749,0.8717,0.0366,43.0301,22.8169,0
570,570,45,3,43,0,1.191,0.751,0.8842,0.3002,0.8966,1,1.8972,0.9866,1.5749,0.8717,0.0366,43.0301,22.8169,10.391
570,570,45,3,43,0,1.191,0.751,0.8842,0.3002,0.8966,1,1.8972,0.9866,1.5749,0.8717,0.0366,43.0301,22.8169,3.401
570,570,45,3,43,0,1.191,0.751,0.8842,0.3002,0.8966,1,1.8972,0.9866,1.5749,0.8717,0.0366,43.0301,22.8169,6.298
570,570,45,3,43,0,1.191,0.751,0.8842,0.3002,0.8966,1,1.8972,0.9866,1.5749,0.8717,0.0366,43.0301,22.8169,6.864
570,570,45,3,43,0,1.191,0.751,0.8842,0.3002,0.8966,1,1.8972,0.9866,1.5749,0.8717,0.0366,43.0301,22.8169,8.25
570,570,45,3,43,0,1.191,0.751,0.8842,0.3002,0.8966,1,1.8972,0.9866,1.5749,0.8717,0.0366,43.0301,22.8169,9.068
570,570,45,3,43,0,1.191,0.751,0.8842,0.3002,0.8966,1,1.8972,0.9866,1.5749,0.8717,0.0366,43.0301,22.8169,7.746
570,570,45,3,43,0,1.191,0.751,0.8842,0.3002,0.8966,1,1.8972,0.9866,1.5749,0.8717,0.0366,43.0301,22.8169,52.018
570,570,45,3,43,0,1.191,0.751,0.8842,0.3002,0.8966,1,1.8972,0.9866,1.5749,0.8717,0.0366,43.0301,22.8169,9.068
570,570,45,3,43,0,1.191,0.751,0.8842,0.3002,0.8966,1,1.8972,0.9866,1.5749,0.8717,0.0366,43.0301,22.8169,11.336
570,570,45,3,43,0,1.191,0.751,0.8842,0.3002,0.8966,1,1.8972,0.9866,1.5749,0.8717,0.0366,43.0301,22.8169,27.457
570,570,45,3,43,0,1.191,0.751,0.8842,0.3002,0.8966,1,1.8972,0.9866,1.5749,0.8717,0.0366,43.0301,22.8169,1.071
570,570,45,3,43,0,1.191,0.751,0.8842,0.3002,0.8966,1,1.8972,0.9866,1.5749,0.8717,0.0366,43.0301,22.8169,1.889
570,570,45,3,43,0,1.191,0.751,0.8842,0.3002,0.8966,1,1.8972,0.9866,1.5749,0.8717,0.0366,43.0301,22.8169,9.824
570,570,45,3,43,0,1.191,0.751,0.8842,0.3002,0.8966,1,1.8972,0.9866,1.5749,0.8717,0.0366,43.0301,22.8169,10.139
570,570,45,3,43,0,1.191,0.751,0.8842,0.3002,0.8966,1,1.8972,0.9866,1.5749,0.8717,0.0366,43.0301,22.8169,12.658
570,570,45,3,43,0,1.191,0.751,0.8842,0.3002,0.8966,1,1.8972,0.9866,1.5749,0.8717,0.0366,43.0301,22.8169,18.767
570,570,45,3,43,0,1.191,0.751,0.8842,0.3002,0.8966,1,1.8972,0.9866,1.5749,0.8717,0.0366,43.0301,22.8169,17.003
570,570,45,3,43,0,1.191,0.751,0.8842,0.3002,0.8966,1,1.8972,0.9866,1.5749,0.8717,0.0366,43.0301,22.8169,2.96
570,570,45,3,43,0,1.191,0.751,0.8842,0.3002,0.8966,1,1.8972,0.9866,1.5749,0.8717,0.0366,43.0301,22.8169,8.187
570,570,45,3,43,0,1.191,0.751,0.8842,0.3002,0.8966,1,1.8972,0.9866,1.5749,0.8717,0.0366,43.0301,22.8169,7.494
570,570,45,3,43,0,1.191,0.751,0.8842,0.3002,0.8966,1,1.8972,0.9866,1.5749,0.8717,0.0366,43.0301,22.8169,9.194
570,570,45,3,43,0,1.191,0.751,0.8842,0.3002,0.8966,1,1.8972,0.9866,1.5749,0.8717,0.0366,43.0301,22.8169,10.391
900,900,6,3,1,1,1.1231,0.1217,0.7176,0.1057,0.9787,1,1.0071,5.0408,1.3574,1.9786,0.1929,7.03681,9.25713,28.78
900,900,6,3,1,1,1.1231,0.1217,0.7176,0.1057,0.9787,1,1.0071,5.0408,1.3574,1.9786,0.1929,7.03681,9.25713,10.311
900,900,6,3,1,1,1.1231,0.1217,0.7176,0.1057,0.9787,1,1.0071,5.0408,1.3574,1.9786,0.1929,7.03681,9.25713,2.641
900,900,6,3,1,1,1.1231,0.1217,0.7176,0.1057,0.9787,1,1.0071,5.0408,1.3574,1.9786,0.1929,7.03681,9.25713,4.43
900,900,6,3,1,1,1.1231,0.1217,0.7176,0.1057,0.9787,1,1.0071,5.0408,1.3574,1.9786,0.1929,7.03681,9.25713,3.499
900,900,6,3,1,1,1.1231,0.1217,0.7176,0.1057,0.9787,1,1.0071,5.0408,1.3574,1.9786,0.1929,7.03681,9.25713,47.811
900,900,6,3,1,1,1.1231,0.1217,0.7176,0.1057,0.9787,1,1.0071,5.0408,1.3574,1.9786,0.1929,7.03681,9.25713,1.79
900,900,6,3,1,1,1.1231,0.1217,0.7176,0.1057,0.9787,1,1.0071,5.0408,1.3574,1.9786,0.1929,7.03681,9.25713,11.317
900,900,6,3,1,1,1.1231,0.1217,0.7176,0.1057,0.9787,1,1.0071,5.0408,1.3574,1.9786,0.1929,7.03681,9.25713,1.139
900,900,6,3,1,1,1.1231,0.1217,0.7176,0.1057,0.9787,1,1.0071,5.0408,1.3574,1.9786,0.1929,7.03681,9.25713,2.152
900,900,6,3,1,1,1.1231,0.1217,0.7176,0.1057,0.9787,1,1.0071,5.0408,1.3574,1.9786,0.1929,7.03681,9.25713,26.324
900,900,6,3,1,1,1.1231,0.1217,0.7176,0.1057,0.9787,1,1.0071,5.0408,1.3574,1.9786,0.1929,7.03681,9.25713,19.334
900,900,6,3,1,1,1.1231,0.1217,0.7176,0.1057,0.9787,1,1.0071,5.0408,1.3574,1.9786,0.1929,7.03681,9.25713,6.331
900,900,6,3,1,1,1.1231,0.1217,0.7176,0.1057,0.9787,1,1.0071,5.0408,1.3574,1.9786,0.1929,7.03681,9.25713,1.428
900,900,6,3,1,1,1.1231,0.1217,0.7176,0.1057,0.9787,1,1.0071,5.0408,1.3574,1.9786,0.1929,7.03681,9.25713,14.534
900,900,6,3,1,1,1.1231,0.1217,0.7176,0.1057,0.9787,1,1.0071,5.0408,1.3574,1.9786,0.1929,7.03681,9.25713,5.592
900,900,6,3,1,1,1.1231,0.1217,0.7176,0.1057,0.9787,1,1.0071,5.0408,1.3574,1.9786,0.1929,7.03681,9.25713,12.825
900,900,6,3,1,1,1.1231,0.1217,0.7176,0.1057,0.9787,1,1.0071,5.0408,1.3574,1.9786,0.1929,7.03681,9.25713,60.68
900,900,6,3,1,1,1.1231,0.1217,0.7176,0.1057,0.9787,1,1.0071,5.0408,1.3574,1.9786,0.1929,7.03681,9.25713,21.169
900,900,6,3,1,1,1.1231,0.1217,0.7176,0.1057,0.9787,1,1.0071,5.0408,1.3574,1.9786,0.1929,7.03681,9.25713,0
900,900,6,3,1,1,1.1231,0.1217,0.7176,0.1057,0.9787,1,1.0071,5.0408,1.3574,1.9786,0.1929,7.03681,9.25713,26.391
900,900,6,3,1,1,1.1231,0.1217,0.7176,0.1057,0.9787,1,1.0071,5.0408,1.3574,1.9786,0.1929,7.03681,9.25713,1.553
900,900,6,3,1,1,1.1231,0.1217,0.7176,0.1057,0.9787,1,1.0071,5.0408,1.3574,1.9786,0.1929,7.03681,9.25713,33.388
900,900,6,3,1,1,1.1231,0.1217,0.7176,0.1057,0.9787,1,1.0071,5.0408,1.3574,1.9786,0.1929,7.03681,9.25713,2.848
9000,18000,40,10,0,0,1.9657,0.1093,0.9207,0.9056,0.172,0.3385,0.1802,2.92,3.3219,5.5903,0.2029,16.3721,26.552,100.289
9000,18000,40,10,0,0,1.9657,0.1093,0.9207,0.9056,0.172,0.3385,0.1802,2.92,3.3219,5.5903,0.2029,16.3721,26.552,2.711
9000,18000,40,10,0,0,1.9657,0.1093,0.9207,0.9056,0.172,0.3385,0.1802,2.92,3.3219,5.5903,0.2029,16.3721,26.552,19.651
9000,18000,40,10,0,0,1.9657,0.1093,0.9207,0.9056,0.172,0.3385,0.1802,2.92,3.3219,5.5903,0.2029,16.3721,26.552,137.559
9000,18000,40,10,0,0,1.9657,0.1093,0.9207,0.9056,0.172,0.3385,0.1802,2.92,3.3219,5.5903,0.2029,16.3721,26.552,96.901
9000,18000,40,10,0,0,1.9657,0.1093,0.9207,0.9056,0.172,0.3385,0.1802,2.92,3.3219,5.5903,0.2029,16.3721,26.552,108.421
9000,18000,40,10,0,0,1.9657,0.1093,0.9207,0.9056,0.172,0.3385,0.1802,2.92,3.3219,5.5903,0.2029,16.3721,26.552,664.078
9000,18000,40,10,0,0,1.9657,0.1093,0.9207,0.9056,0.172,0.3385,0.1802,2.92,3.3219,5.5903,0.2029,16.3721,26.552,169.408
9000,18000,40,10,0,0,1.9657,0.1093,0.9207,0.9056,0.172,0.3385,0.1802,2.92,3.3219,5.5903,0.2029,16.3721,26.552,37.27
9000,18000,40,10,0,0,1.9657,0.1093,0.9207,0.9056,0.172,0.3385,0.1802,2.92,3.3219,5.5903,0.2029,16.3721,26.552,77.928
9000,18000,40,10,0,0,1.9657,0.1093,0.9207,0.9056,0.172,0.3385,0.1802,2.92,3.3219,5.5903,0.2029,16.3721,26.552,108.421
9000,18000,40,10,0,0,1.9657,0.1093,0.9207,0.9056,0.172,0.3385,0.1802,2.92,3.3219,5.5903,0.2029,16.3721,26.552,596.315
9000,18000,40,10,0,0,1.9657,0.1093,0.9207,0.9056,0.172,0.3385,0.1802,2.92,3.3219,5.5903,0.2029,16.3721,26.552,12.875
9000,18000,40,10,0,0,1.9657,0.1093,0.9207,0.9056,0.172,0.3385,0.1802,2.92,3.3219,5.5903,0.2029,16.3721,26.552,37.27
9000,18000,40,10,0,0,1.9657,0.1093,0.9207,0.9056,0.172,0.3385,0.1802,2.92,3.3219,5.5903,0.2029,16.3721,26.552,132.816
9000,18000,40,10,0,0,1.9657,0.1093,0.9207,0.9056,0.172,0.3385,0.1802,2.92,3.3219,5.5903,0.2029,16.3721,26.552,101.645
9000,18000,40,10,0,0,1.9657,0.1093,0.9207,0.9056,0.172,0.3385,0.1802,2.92,3.3219,5.5903,0.2029,16.3721,26.552,0
9000,18000,40,10,0,0,1.9657,0.1093,0.9207,0.9056,0.172,0.3385,0.1802,2.92,3.3219,5.5903,0.2029,16.3721,26.552,664.078
9000,18000,40,10,0,0,1.9657,0.1093,0.9207,0.9056,0.172,0.3385,0.1802,2.92,3.3219,5.5903,0.2029,16.3721,26.552,4.066
9000,18000,40,10,0,0,1.9657,0.1093,0.9207,0.9056,0.172,0.3385,0.1802,2.92,3.3219,5.5903,0.2029,16.3721,26.552,21.007
9000,18000,40,10,0,0,1.9657,0.1093,0.9207,0.9056,0.172,0.3385,0.1802,2.92,3.3219,5.5903,0.2029,16.3721,26.552,96.224
9000,18000,40,10,0,0,1.9657,0.1093,0.9207,0.9056,0.172,0.3385,0.1802,2.92,3.3219,5.5903,0.2029,16.3721,26.552,3.388
9000,18000,40,10,0,0,1.9657,0.1093,0.9207,0.9056,0.172,0.3385,0.1802,2.92,3.3219,5.5903,0.2029,16.3721,26.552,23.717
9000,18000,40,10,0,0,1.9657,0.1093,0.9207,0.9056,0.172,0.3385,0.1802,2.92,3.3219,5.5903,0.2029,16.3721,26.552,25.072
5000,20000,16,26,0,0,1.8795,0.2577,0.8896,0.8489,0.168,0.321,0.5698,3.5385,4.6996,3.094,0.5189,9.05685,4.96261,52.292
5000,20000,16,26,0,0,1.8795,0.2577,0.8896,0.8489,0.168,0.321,0.5698,3.5385,4.6996,3.094,0.5189,9.05685,4.96261,0
5000,20000,16,26,0,0,1.8795,0.2577,0.8896,0.8489,0.168,0.321,0.5698,3.5385,4.6996,3.094,0.5189,9.05685,4.96261,75.982
5000,20000,16,26,0,0,1.8795,0.2577,0.8896,0.8489,0.168,0.321,0.5698,3.5385,4.6996,3.094,0.5189,9.05685,4.96261,134.341
5000,20000,16,26,0,0,1.8795,0.2577,0.8896,0.8489,0.168,0.321,0.5698,3.5385,4.6996,3.094,0.5189,9.05685,4.96261,17.334
5000,20000,16,26,0,0,1.8795,0.2577,0.8896,0.8489,0.168,0.321,0.5698,3.5385,4.6996,3.094,0.5189,9.05685,4.96261,19.646
5000,20000,16,26,0,0,1.8795,0.2577,0.8896,0.8489,0.168,0.321,0.5698,3.5385,4.6996,3.094,0.5189,9.05685,4.96261,270.416
5000,20000,16,26,0,0,1.8795,0.2577,0.8896,0.8489,0.168,0.321,0.5698,3.5385,4.6996,3.094,0.5189,9.05685,4.96261,54.603
5000,20000,16,26,0,0,1.8795,0.2577,0.8896,0.8489,0.168,0.321,0.5698,3.5385,4.6996,3.094,0.5189,9.05685,4.96261,270.416
5000,20000,16,26,0,0,1.8795,0.2577,0.8896,0.8489,0.168,0.321,0.5698,3.5385,4.6996,3.094,0.5189,9.05685,4.96261,52.292
5000,20000,16,26,0,0,1.8795,0.2577,0.8896,0.8489,0.168,0.321,0.5698,3.5385,4.6996,3.094,0.5189,9.05685,4.96261,14.734
5000,20000,16,26,0,0,1.8795,0.2577,0.8896,0.8489,0.168,0.321,0.5698,3.5385,4.6996,3.094,0.5189,9.05685,4.96261,258.86
5000,20000,16,26,0,0,1.8795,0.2577,0.8896,0.8489,0.168,0.321,0.5698,3.5385,4.6996,3.094,0.5189,9.05685,4.96261,32.358
5000,20000,16,26,0,0,1.8795,0.2577,0.8896,0.8489,0.168,0.321,0.5698,3.5385,4.6996,3.094,0.5189,9.05685,4.96261,68.76
5000,20000,16,26,0,0,1.8795,0.2577,0.8896,0.8489,0.168,0.321,0.5698,3.5385,4.6996,3.094,0.5189,9.05685,4.96261,153.12
5000,20000,16,26,0,0,1.8795,0.2577,0.8896,0.8489,0.168,0.321,0.5698,3.5385,4.6996,3.094,0.5189,9.05685,4.96261,19.068
5000,20000,16,26,0,0,1.8795,0.2577,0.8896,0.8489,0.168,0.321,0.5698,3.5385,4.6996,3.094,0.5189,9.05685,4.96261,1.733
5000,20000,16,26,0,0,1.8795,0.2577,0.8896,0.8489,0.168,0.321,0.5698,3.5385,4.6996,3.094,0.5189,9.05685,4.96261,54.314
5000,20000,16,26,0,0,1.8795,0.2577,0.8896,0.8489,0.168,0.321,0.5698,3.5385,4.6996,3.094,0.5189,9.05685,4.96261,4.334
5000,20000,16,26,0,0,1.8795,0.2577,0.8896,0.8489,0.168,0.321,0.5698,3.5385,4.6996,3.094,0.5189,9.05685,4.96261,49.114
5000,20000,16,26,0,0,1.8795,0.2577,0.8896,0.8489,0.168,0.321,0.5698,3.5385,4.6996,3.094,0.5189,9.05685,4.96261,18.49
5000,20000,16,26,0,0,1.8795,0.2577,0.8896,0.8489,0.168,0.321,0.5698,3.5385,4.6996,3.094,0.5189,9.05685,4.96261,14.156
5000,20000,16,26,0,0,1.8795,0.2577,0.8896,0.8489,0.168,0.321,0.5698,3.5385,4.6996,3.094,0.5189,9.05685,4.96261,48.825
5000,20000,16,26,0,0,1.8795,0.2577,0.8896,0.8489,0.168,0.321,0.5698,3.5385,4.6996,3.094,0.5189,9.05685,4.96261,66.737
2000,6435,36,6,0,0,1.297,0.5977,0.9366,0.9332,0.3586,0.7146,0.7316,4.1737,2.4734,5.5759,0.9443,2.61929,4.9048,9.654
2000,6435,36,6,0,0,1.297,0.5977,0.9366,0.9332,0.3586,0.7146,0.7316,4.1737,2.4734,5.5759,0.9443,2.61929,4.9048,5.823
2000,6435,36,6,0,0,1.297,0.5977,0.9366,0.9332,0.3586,0.7146,0.7316,4.1737,2.4734,5.5759,0.9443,2.61929,4.9048,6.896
2000,6435,36,6,0,0,1.297,0.5977,0.9366,0.9332,0.3586,0.7146,0.7316,4.1737,2.4734,5.5759,0.9443,2.61929,4.9048,29.576
2000,6435,36,6,0,0,1.297,0.5977,0.9366,0.9332,0.3586,0.7146,0.7316,4.1737,2.4734,5.5759,0.9443,2.61929,4.9048,8.122
2000,6435,36,6,0,0,1.297,0.5977,0.9366,0.9332,0.3586,0.7146,0.7316,4.1737,2.4734,5.5759,0.9443,2.61929,4.9048,8.582
2000,6435,36,6,0,0,1.297,0.5977,0.9366,0.9332,0.3586,0.7146,0.7316,4.1737,2.4734,5.5759,0.9443,2.61929,4.9048,6.743
2000,6435,36,6,0,0,1.297,0.5977,0.9366,0.9332,0.3586,0.7146,0.7316,4.1737,2.4734,5.5759,0.9443,2.61929,4.9048,8.735
2000,6435,36,6,0,0,1.297,0.5977,0.9366,0.9332,0.3586,0.7146,0.7316,4.1737,2.4734,5.5759,0.9443,2.61929,4.9048,10.574
2000,6435,36,6,0,0,1.297,0.5977,0.9366,0.9332,0.3586,0.7146,0.7316,4.1737,2.4734,5.5759,0.9443,2.61929,4.9048,15.325
2000,6435,36,6,0,0,1.297,0.5977,0.9366,0.9332,0.3586,0.7146,0.7316,4.1737,2.4734,5.5759,0.9443,2.61929,4.9048,8.582
2000,6435,36,6,0,0,1.297,0.5977,0.9366,0.9332,0.3586,0.7146,0.7316,4.1737,2.4734,5.5759,0.9443,2.61929,4.9048,102.061
2000,6435,36,6,0,0,1.297,0.5977,0.9366,0.9332,0.3586,0.7146,0.7316,4.1737,2.4734,5.5759,0.9443,2.61929,4.9048,2.605
2000,6435,36,6,0,0,1.297,0.5977,0.9366,0.9332,0.3586,0.7146,0.7316,4.1737,2.4734,5.5759,0.9443,2.61929,4.9048,11.8
2000,6435,36,6,0,0,1.297,0.5977,0.9366,0.9332,0.3586,0.7146,0.7316,4.1737,2.4734,5.5759,0.9443,2.61929,4.9048,138.84
2000,6435,36,6,0,0,1.297,0.5977,0.9366,0.9332,0.3586,0.7146,0.7316,4.1737,2.4734,5.5759,0.9443,2.61929,4.9048,6.743
2000,6435,36,6,0,0,1.297,0.5977,0.9366,0.9332,0.3586,0.7146,0.7316,4.1737,2.4734,5.5759,0.9443,2.61929,4.9048,0
2000,6435,36,6,0,0,1.297,0.5977,0.9366,0.9332,0.3586,0.7146,0.7316,4.1737,2.4734,5.5759,0.9443,2.61929,4.9048,13.026
2000,6435,36,6,0,0,1.297,0.5977,0.9366,0.9332,0.3586,0.7146,0.7316,4.1737,2.4734,5.5759,0.9443,2.61929,4.9048,1.686
2000,6435,36,6,0,0,1.297,0.5977,0.9366,0.9332,0.3586,0.7146,0.7316,4.1737,2.4734,5.5759,0.9443,2.61929,4.9048,10.574
2000,6435,36,6,0,0,1.297,0.5977,0.9366,0.9332,0.3586,0.7146,0.7316,4.1737,2.4734,5.5759,0.9443,2.61929,4.9048,8.582
2000,6435,36,6,0,0,1.297,0.5977,0.9366,0.9332,0.3586,0.7146,0.7316,4.1737,2.4734,5.5759,0.9443,2.61929,4.9048,9.348
2000,6435,36,6,0,0,1.297,0.5977,0.9366,0.9332,0.3586,0.7146,0.7316,4.1737,2.4734,5.5759,0.9443,2.61929,4.9048,4.138
2000,6435,36,6,0,0,1.297,0.5977,0.9366,0.9332,0.3586,0.7146,0.7316,4.1737,2.4734,5.5759,0.9443,2.61929,4.9048,9.961
2310,2310,11,7,0,0,4.0014,0.1425,0.976,0.9623,0.3098,0.611,2.958,24.4813,2.8072,3.0787,0.6672,4.20743,3.61436,0.282
2310,2310,11,7,0,0,4.0014,0.1425,0.976,0.9623,0.3098,0.611,2.958,24.4813,2.8072,3.0787,0.6672,4.20743,3.61436,0
2310,2310,11,7,0,0,4.0014,0.1425,0.976,0.9623,0.3098,0.611,2.958,24.4813,2.8072,3.0787,0.6672,4.20743,3.61436,6.762
2310,2310,11,7,0,0,4.0014,0.1425,0.976,0.9623,0.3098,0.611,2.958,24.4813,2.8072,3.0787,0.6672,4.20743,3.61436,66.211
2310,2310,11,7,0,0,4.0014,0.1425,0.976,0.9623,0.3098,0.611,2.958,24.4813,2.8072,3.0787,0.6672,4.20743,3.61436,0.845
2310,2310,11,7,0,0,4.0014,0.1425,0.976,0.9623,0.3098,0.611,2.958,24.4813,2.8072,3.0787,0.6672,4.20743,3.61436,2.817
2310,2310,11,7,0,0,4.0014,0.1425,0.976,0.9623,0.3098,0.611,2.958,24.4813,2.8072,3.0787,0.6672,4.20743,3.61436,2.817
2310,2310,11,7,0,0,4.0014,0.1425,0.976,0.9623,0.3098,0.611,2.958,24.4813,2.8072,3.0787,0.6672,4.20743,3.61436,9.016
2310,2310,11,7,0,0,4.0014,0.1425,0.976,0.9623,0.3098,0.611,2.958,24.4813,2.8072,3.0787,0.6672,4.20743,3.61436,273.295
2310,2310,11,7,0,0,4.0014,0.1425,0.976,0.9623,0.3098,0.611,2.958,24.4813,2.8072,3.0787,0.6672,4.20743,3.61436,23.103
2310,2310,11,7,0,0,4.0014,0.1425,0.976,0.9623,0.3098,0.611,2.958,24.4813,2.8072,3.0787,0.6672,4.20743,3.61436,3.663
2310,2310,11,7,0,0,4.0014,0.1425,0.976,0.9623,0.3098,0.611,2.958,24.4813,2.8072,3.0787,0.6672,4.20743,3.61436,245.12
2310,2310,11,7,0,0,4.0014,0.1425,0.976,0.9623,0.3098,0.611,2.958,24.4813,2.8072,3.0787,0.6672,4.20743,3.61436,0.282
2310,2310,11,7,0,0,4.0014,0.1425,0.976,0.9623,0.3098,0.611,2.958,24.4813,2.8072,3.0787,0.6672,4.20743,3.61436,24.23
2310,2310,11,7,0,0,4.0014,0.1425,0.976,0.9623,0.3098,0.611,2.958,24.4813,2.8072,3.0787,0.6672,4.20743,3.61436,119.743
2310,2310,11,7,0,0,4.0014,0.1425,0.976,0.9623,0.3098,0.611,2.958,24.4813,2.8072,3.0787,0.6672,4.20743,3.61436,4.226
2310,2310,11,7,0,0,4.0014,0.1425,0.976,0.9623,0.3098,0.611,2.958,24.4813,2.8072,3.0787,0.6672,4.20743,3.61436,13.242
2310,2310,11,7,0,0,4.0014,0.1425,0.976,0.9623,0.3098,0.611,2.958,24.4813,2.8072,3.0787,0.6672,4.20743,3.61436,10.425
2310,2310,11,7,0,0,4.0014,0.1425,0.976,0.9623,0.3098,0.611,2.958,24.4813,2.8072,3.0787,0.6672,4.20743,3.61436,4.508
2310,2310,11,7,0,0,4.0014,0.1425,0.976,0.9623,0.3098,0.611,2.958,24.4813,2.8072,3.0787,0.6672,4.20743,3.61436,22.258
2310,2310,11,7,0,0,4.0014,0.1425,0.976,0.9623,0.3098,0.611,2.958,24.4813,2.8072,3.0787,0.6672,4.20743,3.61436,1.127
2310,2310,11,7,0,0,4.0014,0.1425,0.976,0.9623,0.3098,0.611,2.958,24.4813,2.8072,3.0787,0.6672,4.20743,3.61436,35.782
2310,2310,11,7,0,0,4.0014,0.1425,0.976,0.9623,0.3098,0.611,2.958,24.4813,2.8072,3.0787,0.6672,4.20743,3.61436,10.988
2310,2310,11,7,0,0,4.0014,0.1425,0.976,0.9623,0.3098,0.611,2.958,24.4813,2.8072,3.0787,0.6672,4.20743,3.61436,6.198
14500,58000,9,7,0,0,1.6067,0.3558,0.9668,0.6968,0.6252,0.9499,4.4371,160.311,0.9653,3.4271,0.3348,2.88321,9.23626,37.331
14500,58000,9,7,0,0,1.6067,0.3558,0.9668,0.6968,0.6252,0.9499,4.4371,160.311,0.9653,3.4271,0.3348,2.88321,9.23626,98.746
14500,58000,9,7,0,0,1.6067,0.3558,0.9668,0.6968,0.6252,0.9499,4.4371,160.311,0.9653,3.4271,0.3348,2.88321,9.23626,50.577
14500,58000,9,7,0,0,1.6067,0.3558,0.9668,0.6968,0.6252,0.9499,4.4371,160.311,0.9653,3.4271,0.3348,2.88321,9.23626,540.695
14500,58000,9,7,0,0,1.6067,0.3558,0.9668,0.6968,0.6252,0.9499,4.4371,160.311,0.9653,3.4271,0.3348,2.88321,9.23626,1.204
14500,58000,9,7,0,0,1.6067,0.3558,0.9668,0.6968,0.6252,0.9499,4.4371,160.311,0.9653,3.4271,0.3348,2.88321,9.23626,10.838
14500,58000,9,7,0,0,1.6067,0.3558,0.9668,0.6968,0.6252,0.9499,4.4371,160.311,0.9653,3.4271,0.3348,2.88321,9.23626,8.43
14500,58000,9,7,0,0,1.6067,0.3558,0.9668,0.6968,0.6252,0.9499,4.4371,160.311,0.9653,3.4271,0.3348,2.88321,9.23626,2.408
14500,58000,9,7,0,0,1.6067,0.3558,0.9668,0.6968,0.6252,0.9499,4.4371,160.311,0.9653,3.4271,0.3348,2.88321,9.23626,12041
14500,58000,9,7,0,0,1.6067,0.3558,0.9668,0.6968,0.6252,0.9499,4.4371,160.311,0.9653,3.4271,0.3348,2.88321,9.23626,456.399
14500,58000,9,7,0,0,1.6067,0.3558,0.9668,0.6968,0.6252,0.9499,4.4371,160.311,0.9653,3.4271,0.3348,2.88321,9.23626,2.408
14500,58000,9,7,0,0,1.6067,0.3558,0.9668,0.6968,0.6252,0.9499,4.4371,160.311,0.9653,3.4271,0.3348,2.88321,9.23626,2575.83
14500,58000,9,7,0,0,1.6067,0.3558,0.9668,0.6968,0.6252,0.9499,4.4371,160.311,0.9653,3.4271,0.3348,2.88321,9.23626,56.598
14500,58000,9,7,0,0,1.6067,0.3558,0.9668,0.6968,0.6252,0.9499,4.4371,160.311,0.9653,3.4271,0.3348,2.88321,9.23626,580.434
14500,58000,9,7,0,0,1.6067,0.3558,0.9668,0.6968,0.6252,0.9499,4.4371,160.311,0.9653,3.4271,0.3348,2.88321,9.23626,48.169
14500,58000,9,7,0,0,1.6067,0.3558,0.9668,0.6968,0.6252,0.9499,4.4371,160.311,0.9653,3.4271,0.3348,2.88321,9.23626,9.634
14500,58000,9,7,0,0,1.6067,0.3558,0.9668,0.6968,0.6252,0.9499,4.4371,160.311,0.9653,3.4271,0.3348,2.88321,9.23626,51.781
14500,58000,9,7,0,0,1.6067,0.3558,0.9668,0.6968,0.6252,0.9499,4.4371,160.311,0.9653,3.4271,0.3348,2.88321,9.23626,12041
14500,58000,9,7,0,0,1.6067,0.3558,0.9668,0.6968,0.6252,0.9499,4.4371,160.311,0.9653,3.4271,0.3348,2.88321,9.23626,51.781
14500,58000,9,7,0,0,1.6067,0.3558,0.9668,0.6968,0.6252,0.9499,4.4371,160.311,0.9653,3.4271,0.3348,2.88321,9.23626,460.012
14500,58000,9,7,0,0,1.6067,0.3558,0.9668,0.6968,0.6252,0.9499,4.4371,160.311,0.9653,3.4271,0.3348,2.88321,9.23626,0
14500,58000,9,7,0,0,1.6067,0.3558,0.9668,0.6968,0.6252,0.9499,4.4371,160.311,0.9653,3.4271,0.3348,2.88321,9.23626,808.031
14500,58000,9,7,0,0,1.6067,0.3558,0.9668,0.6968,0.6252,0.9499,4.4371,160.311,0.9653,3.4271,0.3348,2.88321,9.23626,167.387
14500,58000,9,7,0,0,1.6067,0.3558,0.9668,0.6968,0.6252,0.9499,4.4371,160.311,0.9653,3.4271,0.3348,2.88321,9.23626,69.845
846,846,18,4,0,0,1.5392,0.4828,0.842,0.8189,0.4696,0.9139,0.8282,5.18,1.9979,4.2472,0.3538,5.64698,11.0045,11.893
846,846,18,4,0,0,1.5392,0.4828,0.842,0.8189,0.4696,0.9139,0.8282,5.18,1.9979,4.2472,0.3538,5.64698,11.0045,1.874
846,846,18,4,0,0,1.5392,0.4828,0.842,0.8189,0.4696,0.9139,0.8282,5.18,1.9979,4.2472,0.3538,5.64698,11.0045,4.643
846,846,18,4,0,0,1.5392,0.4828,0.842,0.8189,0.4696,0.9139,0.8282,5.18,1.9979,4.2472,0.3538,5.64698,11.0045,33.235
846,846,18,4,0,0,1.5392,0.4828,0.842,0.8189,0.4696,0.9139,0.8282,5.18,1.9979,4.2472,0.3538,5.64698,11.0045,9.856
846,846,18,4,0,0,1.5392,0.4828,0.842,0.8189,0.4696,0.9139,0.8282,5.18,1.9979,4.2472,0.3538,5.64698,11.0045,9.449
846,846,18,4,0,0,1.5392,0.4828,0.842,0.8189,0.4696,0.9139,0.8282,5.18,1.9979,4.2472,0.3538,5.64698,11.0045,6.924
846,846,18,4,0,0,1.5392,0.4828,0.842,0.8189,0.4696,0.9139,0.8282,5.18,1.9979,4.2472,0.3538,5.64698,11.0045,10.508
846,846,18,4,0,0,1.5392,0.4828,0.842,0.8189,0.4696,0.9139,0.8282,5.18,1.9979,4.2472,0.3538,5.64698,11.0045,10.589
846,846,18,4,0,0,1.5392,0.4828,0.842,0.8189,0.4696,0.9139,0.8282,5.18,1.9979,4.2472,0.3538,5.64698,11.0045,28.917
846,846,18,4,0,0,1.5392,0.4828,0.842,0.8189,0.4696,0.9139,0.8282,5.18,1.9979,4.2472,0.3538,5.64698,11.0045,13.359
846,846,18,4,0,0,1.5392,0.4828,0.842,0.8189,0.4696,0.9139,0.8282,5.18,1.9979,4.2472,0.3538,5.64698,11.0045,48.874
846,846,18,4,0,0,1.5392,0.4828,0.842,0.8189,0.4696,0.9139,0.8282,5.18,1.9979,4.2472,0.3538,5.64698,11.0045,0.081
846,846,18,4,0,0,1.5392,0.4828,0.842,0.8189,0.4696,0.9139,0.8282,5.18,1.9979,4.2472,0.3538,5.64698,11.0045,5.376
846,846,18,4,0,0,1.5392,0.4828,0.842,0.8189,0.4696,0.9139,0.8282,5.18,1.9979,4.2472,0.3538,5.64698,11.0045,14.174
846,846,18,4,0,0,1.5392,0.4828,0.842,0.8189,0.4696,0.9139,0.8282,5.18,1.9979,4.2472,0.3538,5.64698,11.0045,12.056
846,846,18,4,0,0,1.5392,0.4828,0.842,0.8189,0.4696,0.9139,0.8282,5.18,1.9979,4.2472,0.3538,5.64698,11.0045,10.182
846,846,18,4,0,0,1.5392,0.4828,0.842,0.8189,0.4696,0.9139,0.8282,5.18,1.9979,4.2472,0.3538,5.64698,11.0045,15.477
846,846,18,4,0,0,1.5392,0.4828,0.842,0.8189,0.4696,0.9139,0.8282,5.18,1.9979,4.2472,0.3538,5.64698,11.0045,11.16
846,846,18,4,0,0,1.5392,0.4828,0.842,0.8189,0.4696,0.9139,0.8282,5.18,1.9979,4.2472,0.3538,5.64698,11.0045,3.421
846,846,18,4,0,0,1.5392,0.4828,0.842,0.8189,0.4696,0.9139,0.8282,5.18,1.9979,4.2472,0.3538,5.64698,11.0045,12.056
846,846,18,4,0,0,1.5392,0.4828,0.842,0.8189,0.4696,0.9139,0.8282,5.18,1.9979,4.2472,0.3538,5.64698,11.0045,0
846,846,18,4,0,0,1.5392,0.4828,0.842,0.8189,0.4696,0.9139,0.8282,5.18,1.9979,4.2472,0.3538,5.64698,11.0045,12.789
846,846,18,4,0,0,1.5392,0.4828,0.842,0.8189,0.4696,0.9139,0.8282,5.18,1.9979,4.2472,0.3538,5.64698,11.0045,5.458
